rank,metric,width,height,run_0,mean,variance,standard deviation
0,minkowski,512,512,2407.927,2407.927,0,0
0,schwarzschild,512,512,3031.2793,3031.2793,0,0
0,kerr,512,512,3858.50977,3858.50977,0,0
0,kastor_traschen,512,512,4903.06348,4903.06348,0,0
