metric,width,height,run_0,run_1,run_2,run_3,run_4,mean,variance,standard deviation
minkowski,240,240,1958.85291,1963.71118,1944.90295,1967.35681,1982.7395,1963.5127,150.504562,12.2680302
schwarzschild,240,240,4315.54199,4108.3374,4164.94434,4087.99023,4131.06299,4161.5752,6579.42676,81.1136627
kerr,240,240,7475.50732,7223.18896,7518.80664,7357.27295,7347.43359,7384.44238,10891.415,104.361946
kastor_traschen,240,240,9615.1582,9292.39062,9281.63281,9274.9502,9843.31445,9461.48926,53028.8242,230.279877
