rank,metric,width,height,run_0,mean,variance,standard deviation
0,minkowski,512,512,1538.52478,1538.52478,0,0
1,minkowski,512,512,1538.3855,1538.3855,0,0
0,schwarzschild,512,512,1749.30334,1749.30334,0,0
1,schwarzschild,512,512,1781.9679,1781.9679,0,0
0,kerr,512,512,3051.63867,3051.63867,0,0
1,kerr,512,512,3080.85571,3080.85571,0,0
0,kastor_traschen,512,512,2546.83765,2546.83765,0,0
1,kastor_traschen,512,512,2581.4978,2581.4978,0,0
