rank,metric,width,height,run_0,mean,variance,standard deviation
0,minkowski,512,512,2815.53979,2815.53979,0,0
0,schwarzschild,512,512,3490.68823,3490.68823,0,0
0,kerr,512,512,6300.35693,6300.35693,0,0
0,kastor_traschen,512,512,5082.43457,5082.43457,0,0
