rank,metric,width,height,run_0,mean,variance,standard deviation
0,minkowski,512,512,1415.99158,1415.99158,0,0
1,minkowski,512,512,1415.06384,1415.06384,0,0
0,schwarzschild,512,512,1620.40027,1620.40027,0,0
1,schwarzschild,512,512,1652.61011,1652.61011,0,0
0,kerr,512,512,2781.5,2781.5,0,0
1,kerr,512,512,2811.52051,2811.52051,0,0
0,kastor_traschen,512,512,2509.75122,2509.75122,0,0
1,kastor_traschen,512,512,2536.72949,2536.72949,0,0
