rank,metric,width,height,run_0,mean,variance,standard deviation
0,minkowski,512,512,2801.55835,2801.55835,0,0
0,schwarzschild,512,512,3210.00513,3210.00513,0,0
0,kerr,512,512,5512.12988,5512.12988,0,0
0,kastor_traschen,512,512,5005.96826,5005.96826,0,0
