rank,metric,width,height,run_0,mean,variance,standard deviation
0,minkowski,512,512,1414.82251,1414.82251,0,0
1,minkowski,512,512,1415.6106,1415.6106,0,0
0,schwarzschild,512,512,1618.46729,1618.46729,0,0
1,schwarzschild,512,512,1650.17236,1650.17236,0,0
0,kerr,512,512,2780.521,2780.521,0,0
1,kerr,512,512,2813.90625,2813.90625,0,0
0,kastor_traschen,512,512,2508.04395,2508.04395,0,0
1,kastor_traschen,512,512,2537.96289,2537.96289,0,0
