metric,width,height,run_0,run_1,run_2,run_3,run_4,mean,variance,standard deviation
minkowski,240,240,2146.76685,2135.37256,2027.36377,2053.04321,2013.4967,2075.20874,3065.81494,55.3698006
schwarzschild,240,240,4305.61621,4242.82764,4218.79736,4261.44971,4390.13574,4283.76465,3637.36865,60.3106003
kerr,240,240,7955.18555,7210.59619,6969.92383,7099.73975,6981.65723,7243.42041,134330.297,366.510986
kastor_traschen,240,240,9932.66211,9373.30273,9229.95898,9503.8877,9316.91406,9471.3457,61120.1797,247.22496
