rank,metric,width,height,run_0,mean,variance,standard deviation
0,minkowski,512,512,2801.48462,2801.48462,0,0
0,schwarzschild,512,512,3204.07324,3204.07324,0,0
0,kerr,512,512,5513.23926,5513.23926,0,0
0,kastor_traschen,512,512,5001.98584,5001.98584,0,0
