rank,metric,width,height,run_0,mean,variance,standard deviation
0,minkowski,512,512,2405.55957,2405.55957,0,0
0,schwarzschild,512,512,3034.16895,3034.16895,0,0
0,kerr,512,512,3859.04956,3859.04956,0,0
0,kastor_traschen,512,512,4909.5708,4909.5708,0,0
