metric,width,height,run_0,run_1,run_2,run_3,run_4,mean,variance,standard deviation
minkowski,240,240,226.966599,194.695297,194.723907,195.102005,194.559204,201.209396,165.890762,12.879859
schwarzschild,240,240,385.487,363.302002,364.322296,364.208618,364.561798,368.376343,73.3759003,8.56597328
kerr,240,240,836.841003,800.121948,800.460632,802.006104,799.828674,807.851685,210.659332,14.5141077
kastor_traschen,240,240,1007.12604,971.737732,973.640503,975.974792,978.950989,981.486023,170.158356,13.0444765
