metric,width,height,run_0,run_1,run_2,run_3,run_4,mean,variance,standard deviation
minkowski,240,240,10213.9336,9772.20801,9527.00293,9649.09277,9548.19922,9742.08789,63209.6055,251.415207
schwarzschild,240,240,21343.4766,23303.041,22711.7656,20996.2344,20641.4082,21799.1836,1057446.75,1028.32227
kerr,240,240,38347.793,38023.5664,38295.6133,38002.9336,38065.7305,38147.1289,20999.8711,144.91333
kastor_traschen,240,240,51750.1133,51986.2812,52025.7148,52296.0469,52080.9258,52027.8164,30723.3594,175.280807
