rank,metric,width,height,run_0,mean,variance,standard deviation
0,minkowski,512,512,1210.99426,1210.99426,0,0
1,minkowski,512,512,1193.22485,1193.22485,0,0
0,schwarzschild,512,512,1524.25586,1524.25586,0,0
1,schwarzschild,512,512,1554.67126,1554.67126,0,0
0,kerr,512,512,2161.36938,2161.36938,0,0
1,kerr,512,512,2204.90063,2204.90063,0,0
0,kastor_traschen,512,512,2704.18262,2704.18262,0,0
1,kastor_traschen,512,512,2734.05908,2734.05908,0,0
