rank,metric,width,height,run_0,mean,variance,standard deviation
0,minkowski,512,512,1211.20618,1211.20618,0,0
1,minkowski,512,512,1193.78687,1193.78687,0,0
0,schwarzschild,512,512,1525.25464,1525.25464,0,0
1,schwarzschild,512,512,1560.38196,1560.38196,0,0
0,kerr,512,512,2166.85181,2166.85181,0,0
1,kerr,512,512,2199.89697,2199.89697,0,0
0,kastor_traschen,512,512,2706.0874,2706.0874,0,0
1,kastor_traschen,512,512,2737.58813,2737.58813,0,0
